"DADA2_Header","Plant","Status","Depth","LDepth"
"MO100E","P1","Healthy",73807,11.209208857039
"MO100S","P1","Disease",72065,11.1853237685172
"MO87E","P2","Healthy",72074,11.185448647974
"MO87S","P2","Disease",66360,11.1028497443044
"MO98E","P3","Healthy",25732,10.1554906325309
"MO98S","P3","Disease",82516,11.3207474929129
"MO99E","P4","Healthy",68038,11.1278216516039
"MO99S","P4","Disease",84199,11.3409383236753
